{
  "project_info": {
    "project_number": "145719439849",
    "project_id": "tutron-19794",
    "storage_bucket": "tutron-19794.appspot.com"
  },
  "client": [
    {
      "client_info": {
        "mobilesdk_app_id": "1:145719439849:android:1a58c5e66f7c08ce6d9b78",
        "android_client_info": {
          "package_name": "com.example.tutron"
        }
      },
      "oauth_client": [
        {
          "client_id": "145719439849-gsuj7qjt3595m8n7ric7h3al6vduvaq8.apps.googleusercontent.com",
          "client_type": 3
        }
      ],
      "api_key": [
        {
          "current_key": "AIzaSyCO6gPA_nnJGSn1Fo0TGog4Ql2k11WoltI"
        }
      ],
      "services": {
        "appinvite_service": {
          "other_platform_oauth_client": [
            {
              "client_id": "145719439849-gsuj7qjt3595m8n7ric7h3al6vduvaq8.apps.googleusercontent.com",
              "client_type": 3
            }
          ]
        }
      }
    }
  ],
  "configuration_version": "1"
}